{
  "Total" : {
    "transaction" : "Total",
    "sampleCount" : 21,
    "errorCount" : 1,
    "errorPct" : 4.7619047,
    "meanResTime" : 204.47619047619045,
    "medianResTime" : 133.0,
    "minResTime" : 3.0,
    "maxResTime" : 449.0,
    "pct1ResTime" : 447.6,
    "pct2ResTime" : 449.0,
    "pct3ResTime" : 449.0,
    "throughput" : 21.694214876033058,
    "receivedKBytesPerSec" : 44.43056721332645,
    "sentKBytesPerSec" : 4.58116767820248
  },
  "HTTP Request" : {
    "transaction" : "HTTP Request",
    "sampleCount" : 21,
    "errorCount" : 1,
    "errorPct" : 4.7619047,
    "meanResTime" : 204.47619047619045,
    "medianResTime" : 133.0,
    "minResTime" : 3.0,
    "maxResTime" : 449.0,
    "pct1ResTime" : 447.6,
    "pct2ResTime" : 449.0,
    "pct3ResTime" : 449.0,
    "throughput" : 21.694214876033058,
    "receivedKBytesPerSec" : 44.43056721332645,
    "sentKBytesPerSec" : 4.58116767820248
  }
}